StudentId,AvgSubmissionsPerWeek,MaxSubmissionsInWeek,ActiveWeeks,WorkloadTier
4,1.0,1,2,Light
6,1.0,1,5,Light
8,1.0,1,6,Light
9,1.0,1,1,Light
14,1.0,1,2,Light
16,1.0,1,2,Light
20,1.0,1,1,Light
21,1.0,1,5,Light
22,1.0,1,3,Light
24,1.0,1,6,Light
29,1.0,1,3,Light
33,1.0,1,4,Light
35,1.0,1,1,Light
37,1.0,1,4,Light
38,1.0,1,5,Light
40,1.0,1,1,Light
41,1.0,1,1,Light
42,1.0,1,3,Light
47,1.0,1,2,Light
49,1.0,1,6,Light
51,1.0,1,5,Light
52,1.0,1,2,Light
57,1.0,1,1,Light
58,1.0,1,5,Light
65,1.0,1,1,Light
66,1.0,1,2,Light
68,1.0,1,6,Light
72,1.0,1,5,Light
77,1.0,1,4,Light
79,1.0,1,5,Light
81,1.0,1,6,Light
86,1.0,1,1,Light
87,1.0,1,5,Light
88,1.0,1,3,Light
89,1.0,1,4,Light
94,1.0,1,3,Light
96,1.0,1,3,Light
97,1.0,1,5,Light
99,1.0,1,4,Light
104,1.0,1,2,Light
107,1.0,1,5,Light
111,1.0,1,4,Light
113,1.0,1,3,Light
116,1.0,1,6,Light
120,1.0,1,5,Light
122,1.0,1,2,Light
124,1.0,1,3,Light
127,1.0,1,3,Light
128,1.0,1,2,Light
134,1.0,1,1,Light
135,1.0,1,4,Light
138,1.0,1,3,Light
139,1.0,1,1,Light
142,1.0,1,5,Light
143,1.0,1,3,Light
151,1.0,1,1,Light
158,1.0,1,6,Light
162,1.0,1,2,Light
163,1.0,1,2,Light
172,1.0,1,2,Light
175,1.0,1,3,Light
180,1.0,1,4,Light
184,1.0,1,2,Light
187,1.0,1,1,Light
189,1.0,1,1,Light
192,1.0,1,2,Light
196,1.0,1,2,Light
198,1.0,1,4,Light
200,1.0,1,4,Light
202,1.33,2,3,Moderate
204,1.0,1,5,Light
206,1.0,1,3,Light
209,1.0,1,5,Light
210,1.0,1,4,Light
217,1.0,1,3,Light
219,1.0,1,3,Light
220,1.0,1,4,Light
233,1.0,1,3,Light
234,1.0,1,5,Light
239,1.0,1,3,Light
240,1.0,1,4,Light
243,1.0,1,4,Light
244,1.0,1,5,Light
246,1.0,1,2,Light
254,1.0,1,1,Light
256,1.0,1,1,Light
257,1.0,1,6,Light
260,1.0,1,4,Light
262,1.0,1,2,Light
263,1.0,1,5,Light
264,1.0,1,5,Light
265,1.0,1,4,Light
267,1.0,1,5,Light
272,1.0,1,6,Light
273,1.0,1,5,Light
279,1.0,1,2,Light
280,1.0,1,2,Light
287,1.0,1,2,Light
288,1.0,1,1,Light
291,1.0,1,6,Light
292,1.0,1,3,Light
293,1.0,1,1,Light
295,1.0,1,1,Light
296,1.0,1,3,Light
297,1.0,1,1,Light
300,1.0,1,6,Light
304,1.0,1,2,Light
306,1.0,1,4,Light
309,1.0,1,4,Light
311,1.0,1,1,Light
315,1.0,1,5,Light
317,1.0,1,4,Light
318,1.0,1,3,Light
322,1.0,1,3,Light
324,1.0,1,1,Light
325,1.0,1,2,Light
328,1.0,1,1,Light
330,1.0,1,1,Light
332,1.0,1,3,Light
334,1.0,1,1,Light
339,1.0,1,2,Light
340,1.0,1,1,Light
341,1.0,1,6,Light
343,1.2,2,5,Moderate
345,1.0,1,1,Light
346,1.0,1,6,Light
348,1.0,1,6,Light
350,1.0,1,4,Light
351,1.0,1,2,Light
352,1.0,1,3,Light
358,1.0,1,6,Light
366,1.0,1,3,Light
368,1.0,1,3,Light
369,1.0,1,6,Light
371,1.0,1,3,Light
373,1.0,1,1,Light
378,1.0,1,1,Light
382,1.0,1,2,Light
384,1.0,1,4,Light
386,1.0,1,4,Light
387,1.0,1,2,Light
391,1.0,1,4,Light
395,1.0,1,5,Light
397,1.0,1,5,Light
398,1.0,1,1,Light
406,1.0,1,1,Light
407,1.0,1,1,Light
408,1.0,1,1,Light
409,1.0,1,1,Light
410,1.0,1,4,Light
412,1.0,1,5,Light
413,1.0,1,3,Light
414,1.0,1,6,Light
418,1.0,1,6,Light
419,1.0,1,5,Light
421,1.0,1,1,Light
427,1.0,1,2,Light
428,1.0,1,6,Light
429,1.0,1,2,Light
430,1.0,1,2,Light
431,1.0,1,5,Light
433,1.0,1,6,Light
434,1.0,1,3,Light
436,1.0,1,1,Light
438,1.0,1,5,Light
443,1.0,1,6,Light
444,1.0,1,3,Light
448,1.0,1,1,Light
450,1.0,1,4,Light
459,1.0,1,1,Light
461,1.0,1,2,Light
463,1.0,1,5,Light
464,1.0,1,4,Light
467,1.0,1,6,Light
470,1.0,1,1,Light
471,1.0,1,4,Light
472,1.0,1,5,Light
481,1.0,1,5,Light
483,1.0,1,6,Light
489,1.0,1,1,Light
495,1.0,1,1,Light
502,1.0,1,3,Light
504,1.0,1,4,Light
509,1.0,1,1,Light
510,1.0,1,1,Light
511,1.0,1,5,Light
512,1.0,1,2,Light
514,1.0,1,5,Light
515,1.0,1,6,Light
516,1.0,1,1,Light
518,1.0,1,2,Light
519,1.0,1,2,Light
521,1.0,1,1,Light
524,1.0,1,3,Light
525,1.0,1,5,Light
527,1.0,1,2,Light
528,1.0,1,3,Light
531,1.0,1,3,Light
533,1.0,1,6,Light
542,1.0,1,1,Light
545,1.0,1,4,Light
546,1.0,1,2,Light
550,1.0,1,5,Light
551,1.0,1,6,Light
555,1.25,2,4,Moderate
557,1.2,2,5,Moderate
560,1.33,2,3,Moderate
561,1.0,1,6,Light
564,1.0,1,3,Light
567,1.0,1,6,Light
568,1.0,1,6,Light
570,1.0,1,5,Light
581,1.0,1,2,Light
583,1.0,1,4,Light
585,1.0,1,2,Light
588,1.0,1,1,Light
590,1.0,1,1,Light
594,1.0,1,3,Light
595,1.0,1,4,Light
596,1.0,1,3,Light
597,1.0,1,3,Light
599,1.0,1,3,Light
600,1.0,1,4,Light
602,1.0,1,3,Light
607,1.0,1,5,Light
608,1.25,2,4,Moderate
611,1.0,1,1,Light
612,1.0,1,3,Light
614,1.0,1,4,Light
617,1.0,1,1,Light
621,1.0,1,4,Light
623,1.0,1,3,Light
624,1.0,1,6,Light
625,1.0,1,6,Light
628,1.0,1,5,Light
629,1.0,1,4,Light
632,1.0,1,1,Light
634,1.0,1,1,Light
639,1.0,1,4,Light
645,1.0,1,4,Light
646,1.0,1,1,Light
647,1.0,1,3,Light
648,1.0,1,3,Light
649,1.0,1,3,Light
650,1.0,1,1,Light
652,1.0,1,1,Light
653,1.0,1,3,Light
661,1.0,1,2,Light
662,1.0,1,6,Light
663,1.0,1,1,Light
664,1.0,1,2,Light
666,1.0,1,3,Light
667,1.0,1,2,Light
670,1.0,1,4,Light
671,1.0,1,1,Light
673,1.0,1,6,Light
679,1.0,1,6,Light
681,1.0,1,2,Light
682,1.0,1,4,Light
685,1.0,1,2,Light
686,1.0,1,3,Light
687,1.0,1,6,Light
688,1.0,1,1,Light
691,1.0,1,1,Light
693,1.0,1,5,Light
694,1.0,1,3,Light
695,1.0,1,3,Light
699,1.0,1,1,Light
701,1.0,1,2,Light
712,1.33,2,3,Moderate
716,1.0,1,2,Light
718,1.0,1,1,Light
719,1.33,2,3,Moderate
723,1.0,1,5,Light
725,1.0,1,1,Light
727,1.0,1,6,Light
728,1.0,1,3,Light
729,1.0,1,1,Light
731,1.0,1,3,Light
733,1.0,1,1,Light
736,1.0,1,4,Light
739,1.0,1,5,Light
740,1.0,1,5,Light
741,1.0,1,2,Light
743,1.0,1,6,Light
747,1.0,1,2,Light
752,1.0,1,6,Light
753,1.0,1,2,Light
754,1.0,1,4,Light
756,1.0,1,3,Light
759,1.0,1,4,Light
764,1.0,1,2,Light
772,1.0,1,4,Light
773,1.0,1,3,Light
775,1.0,1,1,Light
776,1.0,1,3,Light
777,1.0,1,3,Light
780,1.0,1,1,Light
782,1.0,1,4,Light
787,1.0,1,3,Light
788,1.0,1,4,Light
790,1.0,1,2,Light
791,1.0,1,3,Light
792,1.0,1,4,Light
793,1.0,1,4,Light
794,1.0,1,1,Light
796,1.0,1,4,Light
797,1.0,1,2,Light
801,1.33,2,3,Moderate
805,1.0,1,3,Light
816,1.0,1,2,Light
817,1.0,1,6,Light
818,1.0,1,3,Light
819,1.0,1,5,Light
822,1.0,1,3,Light
823,1.0,1,3,Light
830,1.0,1,5,Light
831,1.0,1,6,Light
832,1.0,1,5,Light
834,1.0,1,3,Light
835,1.0,1,4,Light
842,1.0,1,1,Light
843,1.0,1,3,Light
844,1.0,1,5,Light
846,1.0,1,2,Light
847,1.0,1,3,Light
850,1.0,1,4,Light
851,1.0,1,6,Light
852,1.0,1,2,Light
853,1.0,1,3,Light
855,1.0,1,3,Light
858,1.0,1,2,Light
859,1.0,1,1,Light
860,1.0,1,2,Light
861,1.0,1,2,Light
876,1.0,1,6,Light
877,1.0,1,2,Light
879,1.0,1,2,Light
886,1.0,1,3,Light
887,1.0,1,6,Light
889,1.0,1,3,Light
890,1.0,1,1,Light
891,1.0,1,2,Light
895,1.0,1,2,Light
896,1.0,1,2,Light
897,1.0,1,5,Light
898,1.0,1,4,Light
900,1.0,1,2,Light
901,1.0,1,1,Light
906,1.0,1,5,Light
912,1.0,1,4,Light
913,1.0,1,3,Light
917,1.0,1,4,Light
918,1.0,1,6,Light
923,1.0,1,1,Light
924,1.0,1,3,Light
925,1.0,1,4,Light
931,1.0,1,3,Light
940,1.0,1,2,Light
946,1.0,1,6,Light
955,1.0,1,6,Light
959,1.0,1,6,Light
960,1.0,1,2,Light
961,1.0,1,6,Light
962,1.0,1,6,Light
965,1.0,1,1,Light
972,1.0,1,1,Light
974,1.0,1,3,Light
975,1.0,1,1,Light
978,1.0,1,3,Light
982,1.0,1,1,Light
984,1.0,1,5,Light
988,1.0,1,5,Light
989,1.0,1,1,Light
990,1.0,1,5,Light
991,1.0,1,4,Light
996,1.0,1,2,Light
997,1.0,1,1,Light
1003,1.0,1,4,Light
1005,1.0,1,6,Light
1006,1.0,1,5,Light
1013,1.0,1,3,Light
1020,1.0,1,2,Light
1029,1.0,1,5,Light
1030,1.0,1,4,Light
1034,1.0,1,2,Light
1036,1.0,1,5,Light
1039,1.0,1,1,Light
1042,1.0,1,1,Light
1044,1.0,1,5,Light
1046,1.0,1,2,Light
1047,1.0,1,2,Light
1048,1.0,1,2,Light
1049,1.0,1,2,Light
1053,1.0,1,5,Light
1054,1.0,1,2,Light
1055,1.0,1,2,Light
1056,1.0,1,3,Light
1064,1.0,1,3,Light
1065,1.0,1,2,Light
1068,1.0,1,4,Light
1069,1.0,1,5,Light
1070,1.0,1,2,Light
1074,1.0,1,5,Light
1077,1.0,1,1,Light
1079,1.0,1,6,Light
1080,1.0,1,3,Light
1085,1.0,1,1,Light
1086,1.0,1,6,Light
1087,1.0,1,4,Light
1088,1.0,1,1,Light
1091,1.0,1,3,Light
1092,1.0,1,3,Light
1094,1.0,1,5,Light
1095,1.0,1,2,Light
1097,1.0,1,1,Light
1098,1.0,1,3,Light
1100,1.0,1,6,Light
1101,1.0,1,5,Light
1102,1.0,1,1,Light
1105,1.0,1,1,Light
1110,1.0,1,1,Light
1114,1.0,1,5,Light
1115,1.0,1,6,Light
1116,1.0,1,1,Light
1117,1.0,1,4,Light
1118,1.0,1,3,Light
1119,1.0,1,2,Light
1120,1.0,1,3,Light
1127,1.0,1,3,Light
1128,1.0,1,5,Light
1131,1.0,1,4,Light
1134,1.0,1,5,Light
1135,1.0,1,3,Light
1136,1.33,2,3,Moderate
1138,1.0,1,3,Light
1140,1.0,1,2,Light
1141,1.0,1,2,Light
1150,1.0,1,5,Light
1151,1.0,1,1,Light
1155,1.0,1,4,Light
1158,1.0,1,4,Light
1163,1.0,1,1,Light
1164,1.0,1,1,Light
1172,1.0,1,3,Light
1174,1.0,1,1,Light
1186,1.0,1,2,Light
1187,1.0,1,2,Light
1190,1.0,1,3,Light
1196,1.0,1,2,Light
1197,1.0,1,4,Light
1198,1.0,1,6,Light
1199,1.0,1,3,Light
1201,1.0,1,6,Light
1203,1.0,1,5,Light
1204,1.0,1,2,Light
1205,1.0,1,2,Light
1207,1.0,1,1,Light
1210,1.0,1,3,Light
1213,1.0,1,2,Light
1215,1.0,1,5,Light
1216,1.0,1,4,Light
1217,1.2,2,5,Moderate
1218,1.0,1,3,Light
1221,1.0,1,6,Light
1223,1.0,1,1,Light
1224,1.25,2,4,Moderate
1226,1.0,1,5,Light
1227,1.0,1,5,Light
1232,1.0,1,5,Light
1241,1.0,1,3,Light
1245,1.0,1,5,Light
1247,1.0,1,2,Light
1252,1.0,1,4,Light
1253,1.0,1,1,Light
1254,1.0,1,5,Light
1257,1.0,1,6,Light
1258,1.0,1,5,Light
1259,1.0,1,1,Light
1261,1.0,1,6,Light
1267,1.0,1,3,Light
1268,1.0,1,5,Light
1269,1.0,1,6,Light
1272,1.0,1,4,Light
1278,1.0,1,3,Light
1279,1.0,1,3,Light
1281,1.0,1,2,Light
1284,1.0,1,2,Light
1285,1.0,1,1,Light
1289,1.0,1,6,Light
1290,1.0,1,1,Light
1291,1.0,1,6,Light
1293,1.0,1,2,Light
1296,1.0,1,4,Light
1301,1.0,1,4,Light
1304,1.0,1,4,Light
1308,1.0,1,3,Light
1314,1.0,1,5,Light
1316,1.0,1,5,Light
1319,1.0,1,5,Light
1321,1.0,1,3,Light
1331,1.0,1,6,Light
1333,1.0,1,1,Light
1334,1.5,2,2,Moderate
1335,1.0,1,1,Light
1338,1.0,1,5,Light
1339,1.0,1,6,Light
1340,1.0,1,2,Light
1342,1.0,1,2,Light
1343,1.0,1,3,Light
1346,1.0,1,6,Light
1348,1.0,1,5,Light
1351,1.0,1,1,Light
1352,1.0,1,4,Light
1353,1.0,1,1,Light
1355,1.0,1,4,Light
1363,1.0,1,2,Light
1364,1.0,1,1,Light
1365,1.0,1,1,Light
1366,1.0,1,4,Light
1367,1.0,1,2,Light
1370,1.0,1,1,Light
1372,1.0,1,1,Light
1376,1.0,1,6,Light
1379,1.0,1,2,Light
1384,1.0,1,4,Light
1385,1.0,1,3,Light
1386,1.2,2,5,Moderate
1389,1.0,1,3,Light
1390,1.0,1,3,Light
1391,1.0,1,3,Light
1392,1.0,1,4,Light
1393,1.0,1,5,Light
1397,1.0,1,4,Light
1401,1.0,1,2,Light
1409,1.0,1,4,Light
1412,1.0,1,2,Light
1413,1.0,1,1,Light
1414,1.33,2,3,Moderate
1417,1.0,1,3,Light
1418,1.0,1,3,Light
1420,1.0,1,3,Light
1421,1.0,1,2,Light
1424,1.0,1,2,Light
1425,1.0,1,4,Light
1436,1.0,1,2,Light
1440,1.0,1,3,Light
1445,1.0,1,3,Light
1447,1.0,1,5,Light
1452,1.0,1,5,Light
1455,1.0,1,1,Light
1456,1.0,1,3,Light
1459,1.0,1,6,Light
1463,1.0,1,4,Light
1465,1.0,1,4,Light
1466,1.0,1,1,Light
1470,1.0,1,1,Light
1471,1.0,1,4,Light
1478,1.0,1,1,Light
1482,1.0,1,4,Light
1486,1.0,1,2,Light
1490,1.0,1,4,Light
1493,1.0,1,3,Light
1496,1.0,1,1,Light
1500,1.0,1,1,Light
1504,1.0,1,1,Light
1505,1.0,1,1,Light
1506,1.0,1,1,Light
1507,1.0,1,2,Light
1508,1.0,1,1,Light
1510,1.0,1,1,Light
1519,1.0,1,3,Light
1521,1.0,1,1,Light
1524,1.0,1,3,Light
1529,1.0,1,4,Light
1530,1.0,1,4,Light
1532,1.0,1,1,Light
1534,1.0,1,4,Light
1535,1.0,1,3,Light
1545,1.0,1,4,Light
1548,1.0,1,5,Light
1550,1.0,1,4,Light
1551,1.0,1,3,Light
1552,1.0,1,3,Light
1555,1.0,1,3,Light
1556,1.0,1,4,Light
1557,1.0,1,1,Light
1558,1.0,1,1,Light
1559,1.0,1,1,Light
1561,1.0,1,4,Light
1562,1.0,1,6,Light
1566,1.0,1,5,Light
1572,1.0,1,2,Light
1579,1.0,1,5,Light
1580,1.0,1,3,Light
1581,1.25,2,4,Moderate
1582,1.0,1,3,Light
1583,1.0,1,4,Light
1588,1.0,1,5,Light
1595,1.0,1,5,Light
1597,1.0,1,1,Light
1598,1.0,1,2,Light
1603,1.0,1,6,Light
1605,1.0,1,1,Light
1607,1.0,1,6,Light
1613,1.0,1,3,Light
1614,1.0,1,2,Light
1617,1.0,1,1,Light
1618,1.0,1,4,Light
1619,1.0,1,2,Light
1621,1.0,1,4,Light
1622,1.25,2,4,Moderate
1626,1.0,1,1,Light
1627,1.0,1,4,Light
1628,1.0,1,3,Light
1630,1.0,1,2,Light
1631,1.0,1,4,Light
1634,1.0,1,4,Light
1636,1.0,1,1,Light
1640,1.0,1,5,Light
1644,1.0,1,5,Light
1646,1.0,1,2,Light
1648,1.0,1,3,Light
1649,1.0,1,2,Light
1651,1.0,1,1,Light
1654,1.0,1,3,Light
1656,1.0,1,4,Light
1657,1.0,1,5,Light
1662,1.0,1,4,Light
1663,1.0,1,4,Light
1665,1.0,1,6,Light
1669,1.0,1,1,Light
1670,1.0,1,2,Light
1672,1.0,1,1,Light
1674,1.0,1,4,Light
1679,1.0,1,3,Light
1683,1.0,1,6,Light
1685,1.0,1,4,Light
1690,1.0,1,4,Light
1692,1.0,1,2,Light
1693,1.0,1,4,Light
1697,1.0,1,1,Light
1702,1.0,1,1,Light
1703,1.0,1,4,Light
1705,1.0,1,4,Light
1710,1.0,1,2,Light
1712,1.0,1,4,Light
1713,1.0,1,5,Light
1714,1.0,1,4,Light
1717,1.0,1,3,Light
1718,1.0,1,2,Light
1719,1.0,1,5,Light
1721,1.0,1,6,Light
1722,1.0,1,4,Light
1724,1.0,1,6,Light
1726,1.33,2,3,Moderate
1728,1.0,1,2,Light
1729,1.0,1,1,Light
1731,1.0,1,1,Light
1733,1.0,1,4,Light
1735,1.0,1,1,Light
1737,1.25,2,4,Moderate
1741,1.0,1,5,Light
1742,1.0,1,2,Light
1743,1.0,1,4,Light
1744,1.0,1,3,Light
1745,1.0,1,2,Light
1746,1.0,1,5,Light
1747,1.0,1,3,Light
1751,1.25,2,4,Moderate
1754,1.0,1,1,Light
1756,1.0,1,4,Light
1758,1.0,1,3,Light
1763,1.0,1,3,Light
1772,1.0,1,4,Light
1773,1.0,1,4,Light
1783,1.0,1,2,Light
1784,1.0,1,1,Light
1786,1.0,1,4,Light
1787,1.0,1,3,Light
1791,1.0,1,3,Light
1794,1.0,1,1,Light
1795,1.0,1,6,Light
1796,1.0,1,6,Light
1797,1.0,1,3,Light
1802,1.0,1,1,Light
1809,1.0,1,3,Light
1822,1.0,1,5,Light
1827,1.0,1,1,Light
1828,1.0,1,2,Light
1834,1.0,1,4,Light
1836,1.0,1,1,Light
1838,1.0,1,5,Light
1839,1.0,1,1,Light
1840,1.0,1,5,Light
1841,1.0,1,2,Light
1842,1.0,1,4,Light
1846,1.0,1,1,Light
1847,1.0,1,5,Light
1850,1.0,1,5,Light
1854,1.0,1,2,Light
1857,1.0,1,2,Light
1858,1.0,1,2,Light
1864,1.0,1,6,Light
1871,1.0,1,5,Light
1875,1.0,1,2,Light
1877,1.0,1,6,Light
1879,1.0,1,1,Light
1881,1.0,1,4,Light
1882,1.0,1,1,Light
1883,1.0,1,4,Light
1884,1.0,1,3,Light
1885,1.0,1,3,Light
1889,1.0,1,2,Light
1891,1.0,1,6,Light
1897,1.0,1,6,Light
1901,1.0,1,2,Light
1902,1.0,1,1,Light
1904,1.0,1,2,Light
1905,1.0,1,3,Light
1906,1.0,1,6,Light
1908,1.0,1,2,Light
1910,1.0,1,4,Light
1912,1.0,1,4,Light
1920,1.0,1,2,Light
1921,1.0,1,4,Light
1922,1.0,1,4,Light
1923,1.0,1,4,Light
1926,1.0,1,4,Light
1929,1.0,1,2,Light
1932,1.0,1,2,Light
1933,1.0,1,6,Light
1935,1.0,1,3,Light
1943,1.0,1,4,Light
1944,1.0,1,3,Light
1947,1.0,1,1,Light
1948,1.0,1,5,Light
1950,1.0,1,5,Light
1952,1.0,1,6,Light
1954,1.0,1,5,Light
1955,1.0,1,3,Light
1956,1.0,1,3,Light
1957,1.0,1,4,Light
1958,1.0,1,2,Light
1959,1.0,1,1,Light
1962,1.0,1,4,Light
1966,1.0,1,1,Light
1968,1.25,2,4,Moderate
1969,1.0,1,5,Light
1974,1.0,1,5,Light
1975,1.0,1,4,Light
1979,1.0,1,3,Light
1981,1.0,1,2,Light
1982,1.0,1,4,Light
1986,1.0,1,3,Light
1991,1.2,2,5,Moderate
1993,1.0,1,5,Light
1994,1.0,1,5,Light
1996,1.0,1,1,Light
2003,1.0,1,2,Light
2004,1.0,1,6,Light
2006,1.0,1,4,Light
2009,1.0,1,1,Light
2011,1.0,1,1,Light
2014,1.0,1,1,Light
2016,1.0,1,1,Light
2020,1.0,1,1,Light
2022,1.0,1,3,Light
2024,1.0,1,3,Light
2026,1.0,1,3,Light
2029,1.0,1,3,Light
2031,1.0,1,1,Light
2034,1.0,1,2,Light
2036,1.0,1,4,Light
2039,1.0,1,4,Light
2040,1.0,1,6,Light
2041,1.0,1,3,Light
2044,1.0,1,2,Light
2045,1.2,2,5,Moderate
2050,1.0,1,4,Light
2052,1.0,1,3,Light
2053,1.0,1,4,Light
2060,1.0,1,1,Light
2063,1.0,1,2,Light
2065,1.0,1,3,Light
2069,1.0,1,6,Light
2071,1.0,1,1,Light
2074,1.0,1,2,Light
2076,1.0,1,2,Light
2077,1.0,1,2,Light
2078,1.0,1,3,Light
2079,1.0,1,5,Light
2081,1.0,1,1,Light
2082,1.0,1,1,Light
2084,1.0,1,1,Light
2088,1.0,1,5,Light
2090,1.0,1,6,Light
2096,1.0,1,5,Light
2097,1.0,1,4,Light
2104,1.0,1,1,Light
2106,1.0,1,5,Light
2108,1.0,1,3,Light
2112,1.0,1,1,Light
2113,1.0,1,5,Light
2115,1.0,1,4,Light
2116,1.0,1,6,Light
2119,1.0,1,4,Light
2120,1.0,1,3,Light
2123,1.0,1,5,Light
2130,1.0,1,4,Light
2136,1.0,1,2,Light
2137,1.0,1,1,Light
2140,1.0,1,6,Light
2141,1.0,1,2,Light
2153,1.0,1,2,Light
2156,1.0,1,3,Light
2157,1.0,1,2,Light
2159,1.0,1,3,Light
2160,1.0,1,1,Light
2161,1.0,1,3,Light
2163,1.0,1,4,Light
2164,1.0,1,6,Light
2165,1.0,1,3,Light
2168,1.0,1,2,Light
2169,1.0,1,3,Light
2171,1.0,1,2,Light
2174,1.0,1,3,Light
2178,1.0,1,5,Light
2179,1.0,1,4,Light
2181,1.0,1,1,Light
2185,1.0,1,1,Light
2186,1.0,1,5,Light
2188,1.0,1,3,Light
2189,1.0,1,1,Light
2195,1.0,1,3,Light
2197,1.0,1,5,Light
2198,1.0,1,4,Light
2199,1.0,1,4,Light
2200,1.0,1,2,Light
2201,1.0,1,5,Light
2202,1.25,2,4,Moderate
2208,1.0,1,1,Light
2210,1.0,1,4,Light
2212,1.0,1,5,Light
2213,1.0,1,3,Light
2215,1.0,1,4,Light
2217,1.0,1,5,Light
2219,1.0,1,2,Light
2224,1.0,1,2,Light
2225,1.0,1,3,Light
2226,1.0,1,4,Light
2230,1.0,1,1,Light
2231,1.0,1,5,Light
2237,1.0,1,1,Light
2240,1.0,1,3,Light
2242,1.0,1,1,Light
2243,1.0,1,3,Light
2246,1.0,1,5,Light
2247,1.0,1,3,Light
2250,1.0,1,2,Light
2258,1.0,1,3,Light
2259,1.0,1,6,Light
2261,1.0,1,4,Light
2265,1.0,1,3,Light
2270,1.0,1,5,Light
2278,1.0,1,6,Light
2279,1.0,1,2,Light
2283,1.0,1,4,Light
2289,1.0,1,4,Light
2292,1.0,1,4,Light
2293,1.0,1,6,Light
2294,2.0,2,1,Moderate
2295,1.0,1,1,Light
2299,1.0,1,3,Light
2302,1.0,1,3,Light
2305,1.0,1,5,Light
2306,1.0,1,2,Light
2307,1.0,1,3,Light
2311,1.0,1,1,Light
2312,1.0,1,2,Light
2314,1.0,1,3,Light
2315,1.0,1,1,Light
2318,1.0,1,4,Light
2320,1.0,1,1,Light
2321,1.0,1,1,Light
2322,1.0,1,4,Light
2324,1.0,1,3,Light
2327,1.0,1,3,Light
2328,1.0,1,4,Light
2332,1.0,1,5,Light
2333,1.0,1,2,Light
2337,1.0,1,2,Light
2338,1.0,1,4,Light
2339,1.0,1,6,Light
2344,1.0,1,6,Light
2345,1.0,1,2,Light
2348,1.0,1,3,Light
2350,1.0,1,2,Light
2351,1.0,1,1,Light
2352,1.0,1,6,Light
2359,1.0,1,5,Light
2361,1.0,1,4,Light
2364,1.0,1,2,Light
2365,1.0,1,6,Light
2370,1.0,1,1,Light
2373,1.0,1,5,Light
2381,1.0,1,1,Light
2385,1.0,1,2,Light
2388,1.0,1,1,Light
2389,1.0,1,2,Light
2392,1.0,1,2,Light
2395,1.0,1,2,Light
2400,1.0,1,4,Light
2405,1.0,1,5,Light
2407,1.0,1,4,Light
2409,1.0,1,3,Light
2419,1.0,1,3,Light
2420,1.0,1,2,Light
2422,1.0,1,1,Light
2424,1.0,1,4,Light
2429,1.0,1,5,Light
2431,1.0,1,4,Light
2432,1.0,1,2,Light
2433,1.0,1,3,Light
2434,1.0,1,2,Light
2437,1.0,1,2,Light
2439,1.0,1,3,Light
2440,1.0,1,3,Light
2442,1.0,1,1,Light
2448,1.0,1,6,Light
2450,1.0,1,3,Light
2452,1.0,1,4,Light
2453,1.0,1,3,Light
2454,1.0,1,5,Light
2456,1.0,1,3,Light
2459,1.0,1,4,Light
2461,1.0,1,6,Light
2466,1.0,1,2,Light
2470,1.0,1,3,Light
2471,1.0,1,2,Light
2478,1.0,1,2,Light
2479,1.0,1,6,Light
2482,1.0,1,2,Light
2486,1.0,1,3,Light
2490,1.0,1,6,Light
2491,1.0,1,4,Light
2492,1.0,1,4,Light
2496,1.0,1,2,Light
2503,1.0,1,2,Light
2504,1.0,1,3,Light
2505,1.0,1,4,Light
2507,1.0,1,3,Light
2509,1.0,1,1,Light
2513,1.0,1,4,Light
2515,1.0,1,5,Light
2517,1.0,1,1,Light
2518,1.0,1,5,Light
2519,1.0,1,1,Light
2521,1.0,1,5,Light
2522,1.0,1,3,Light
2524,1.0,1,1,Light
2526,1.0,1,4,Light
2531,1.0,1,1,Light
2534,1.0,1,4,Light
2536,1.0,1,4,Light
2537,1.0,1,4,Light
2538,1.0,1,3,Light
2539,1.0,1,6,Light
2541,1.0,1,4,Light
2544,1.0,1,2,Light
2547,1.0,1,4,Light
2548,1.0,1,2,Light
2549,1.0,1,1,Light
2550,1.0,1,3,Light
2551,1.0,1,4,Light
2559,1.0,1,3,Light
2561,1.0,1,1,Light
2563,1.0,1,5,Light
2567,1.0,1,3,Light
2568,1.0,1,5,Light
2569,1.0,1,1,Light
2575,1.0,1,6,Light
2580,1.33,2,3,Moderate
2584,1.0,1,1,Light
2587,1.0,1,5,Light
2590,1.0,1,3,Light
2591,1.0,1,3,Light
2592,1.0,1,5,Light
2593,1.0,1,6,Light
2595,1.0,1,3,Light
2596,1.0,1,3,Light
2604,1.0,1,5,Light
2605,1.0,1,4,Light
2606,1.0,1,2,Light
2609,1.0,1,1,Light
2610,1.2,2,5,Moderate
2612,1.0,1,4,Light
2613,1.0,1,1,Light
2620,1.0,1,5,Light
2622,1.0,1,2,Light
2624,1.0,1,1,Light
2625,1.0,1,6,Light
2629,1.0,1,3,Light
2636,1.0,1,1,Light
2638,1.0,1,3,Light
2641,1.0,1,6,Light
2644,1.0,1,5,Light
2646,1.0,1,4,Light
2647,1.0,1,3,Light
2649,1.0,1,3,Light
2650,1.0,1,5,Light
2654,1.0,1,4,Light
2655,1.0,1,6,Light
2662,1.0,1,3,Light
2664,1.0,1,1,Light
2665,1.0,1,2,Light
2667,1.0,1,1,Light
2668,1.0,1,1,Light
2669,1.0,1,3,Light
2672,1.0,1,1,Light
2674,1.0,1,2,Light
2675,1.0,1,4,Light
2676,1.0,1,2,Light
2677,1.0,1,1,Light
2678,1.0,1,2,Light
2680,1.0,1,2,Light
2682,1.0,1,3,Light
2683,1.0,1,6,Light
2684,1.0,1,6,Light
2685,1.0,1,4,Light
2686,1.0,1,1,Light
2687,1.0,1,6,Light
2697,1.0,1,4,Light
2698,1.0,1,2,Light
2699,1.0,1,4,Light
2701,1.0,1,3,Light
2702,1.0,1,3,Light
2706,1.0,1,4,Light
2710,1.0,1,3,Light
2711,1.0,1,2,Light
2719,1.0,1,4,Light
2720,1.0,1,2,Light
2723,1.0,1,5,Light
2724,1.0,1,3,Light
2726,1.0,1,5,Light
2727,1.0,1,1,Light
2728,1.0,1,5,Light
2731,1.0,1,3,Light
2733,1.0,1,3,Light
2736,1.0,1,5,Light
2738,1.0,1,1,Light
2743,1.0,1,3,Light
2747,1.0,1,1,Light
2748,1.0,1,3,Light
2749,1.0,1,6,Light
2750,1.0,1,2,Light
2751,1.0,1,3,Light
2754,1.0,1,4,Light
2758,1.0,1,1,Light
2764,1.0,1,3,Light
2766,1.0,1,1,Light
2770,1.0,1,2,Light
2771,1.0,1,2,Light
2773,1.0,1,6,Light
2774,1.0,1,6,Light
2782,1.0,1,2,Light
2783,1.0,1,4,Light
2785,1.0,1,4,Light
2786,1.0,1,4,Light
2788,1.0,1,3,Light
2790,1.0,1,2,Light
2791,1.0,1,1,Light
2799,1.0,1,2,Light
2800,1.5,2,2,Moderate
2801,1.0,1,4,Light
2802,1.0,1,4,Light
2804,1.0,1,5,Light
2807,1.0,1,1,Light
2815,1.0,1,4,Light
2816,1.0,1,5,Light
2819,1.0,1,4,Light
2821,1.0,1,4,Light
2825,1.0,1,4,Light
2826,1.0,1,1,Light
2827,1.0,1,3,Light
2832,1.0,1,2,Light
2833,1.0,1,2,Light
2839,1.0,1,5,Light
2842,1.0,1,3,Light
2843,1.0,1,1,Light
2844,1.0,1,1,Light
2845,1.0,1,3,Light
2846,1.0,1,3,Light
2848,1.0,1,2,Light
2850,1.0,1,1,Light
2856,1.0,1,6,Light
2858,1.0,1,5,Light
2860,1.0,1,4,Light
2863,1.0,1,3,Light
2864,1.0,1,3,Light
2865,1.0,1,2,Light
2867,1.0,1,1,Light
2868,1.0,1,5,Light
2869,1.0,1,3,Light
2872,1.0,1,2,Light
2874,1.0,1,3,Light
2877,1.0,1,2,Light
2879,1.0,1,5,Light
2880,1.0,1,6,Light
2882,1.0,1,1,Light
2888,1.25,2,4,Moderate
2889,1.0,1,6,Light
2890,1.0,1,1,Light
2891,1.0,1,3,Light
2892,1.0,1,1,Light
2894,1.0,1,1,Light
2896,1.0,1,2,Light
2898,1.0,1,2,Light
2900,1.0,1,5,Light
2901,1.0,1,3,Light
2902,1.0,1,4,Light
2903,1.0,1,6,Light
2904,1.0,1,3,Light
2909,1.0,1,2,Light
2911,1.0,1,5,Light
2912,1.0,1,4,Light
2913,1.0,1,4,Light
2914,1.0,1,2,Light
2915,1.0,1,1,Light
2916,1.0,1,5,Light
2921,1.0,1,1,Light
2922,1.0,1,1,Light
2923,1.0,1,6,Light
2926,1.0,1,1,Light
2928,1.0,1,4,Light
2929,1.0,1,3,Light
2930,1.0,1,5,Light
2932,1.0,1,2,Light
2934,1.0,1,2,Light
2936,1.0,1,3,Light
2937,1.0,1,3,Light
2939,1.0,1,3,Light
2943,1.0,1,1,Light
2944,1.0,1,4,Light
2951,1.0,1,5,Light
2952,1.0,1,2,Light
2956,1.0,1,1,Light
2960,1.2,2,5,Moderate
2962,1.0,1,3,Light
2965,1.0,1,1,Light
2973,1.0,1,3,Light
2976,1.0,1,3,Light
2982,1.0,1,1,Light
2985,1.0,1,1,Light
2986,1.0,1,6,Light
2992,1.0,1,5,Light
2994,1.0,1,6,Light
2996,1.0,1,1,Light
3001,1.0,1,1,Light
3003,1.0,1,3,Light
3004,1.0,1,1,Light
3005,1.0,1,2,Light
3007,1.0,1,5,Light
3008,1.0,1,5,Light
3012,1.0,1,3,Light
3017,1.0,1,4,Light
3020,1.0,1,5,Light
3024,1.0,1,4,Light
3026,1.0,1,4,Light
3031,1.0,1,1,Light
3033,1.0,1,1,Light
3040,1.0,1,4,Light
3051,1.0,1,2,Light
3052,1.0,1,3,Light
3053,1.0,1,2,Light
3054,1.0,1,1,Light
3057,1.0,1,4,Light
3058,1.0,1,3,Light
3062,1.0,1,2,Light
3064,1.0,1,6,Light
3067,1.0,1,3,Light
3068,1.0,1,6,Light
3070,1.0,1,3,Light
3074,1.0,1,4,Light
3075,1.0,1,3,Light
3076,1.0,1,2,Light
3085,1.0,1,4,Light
3089,1.0,1,4,Light
3091,1.0,1,1,Light
3094,1.0,1,4,Light
3096,1.0,1,3,Light
3097,1.0,1,1,Light
3098,1.0,1,4,Light
3100,1.0,1,3,Light
3105,1.0,1,4,Light
3108,1.0,1,1,Light
3110,1.0,1,1,Light
3112,1.0,1,1,Light
3123,1.0,1,3,Light
3124,1.0,1,2,Light
3125,1.0,1,3,Light
3129,1.0,1,3,Light
3131,1.0,1,1,Light
3133,1.0,1,3,Light
3135,1.0,1,4,Light
3136,1.0,1,2,Light
3140,1.0,1,2,Light
3141,1.0,1,4,Light
3144,1.0,1,5,Light
3146,1.0,1,2,Light
3149,1.0,1,4,Light
3152,1.0,1,5,Light
3154,1.0,1,1,Light
3155,1.0,1,5,Light
3156,1.0,1,3,Light
3159,1.0,1,5,Light
3160,1.0,1,3,Light
3162,1.0,1,1,Light
3165,1.0,1,4,Light
3166,1.0,1,1,Light
3176,1.0,1,2,Light
3177,1.0,1,6,Light
3180,1.5,2,2,Moderate
3184,1.0,1,2,Light
3187,1.0,1,4,Light
3188,1.0,1,2,Light
3191,1.0,1,6,Light
3202,1.33,2,3,Moderate
3203,1.0,1,4,Light
3204,1.0,1,2,Light
3208,1.0,1,4,Light
3215,1.0,1,3,Light
3219,1.0,1,2,Light
3225,1.0,1,4,Light
3227,1.0,1,4,Light
3230,1.0,1,2,Light
3231,1.0,1,4,Light
3233,1.0,1,2,Light
3234,1.0,1,2,Light
3236,1.0,1,5,Light
3237,1.0,1,1,Light
3242,1.0,1,3,Light
3243,1.0,1,2,Light
3246,1.0,1,5,Light
3247,1.0,1,3,Light
3248,1.0,1,4,Light
3249,1.0,1,1,Light
3250,1.0,1,4,Light
3251,1.0,1,4,Light
3255,1.0,1,4,Light
3256,1.0,1,5,Light
3260,1.0,1,2,Light
3261,1.0,1,1,Light
3266,1.0,1,2,Light
3268,1.0,1,3,Light
3271,1.0,1,5,Light
3277,1.0,1,3,Light
3284,1.0,1,5,Light
3286,1.0,1,1,Light
3292,1.0,1,5,Light
3295,1.0,1,1,Light
3298,1.0,1,6,Light
3299,1.0,1,5,Light
3302,1.0,1,3,Light
3303,1.0,1,2,Light
3305,1.0,1,5,Light
3309,1.0,1,1,Light
3312,1.0,1,5,Light
3314,1.0,1,2,Light
3316,1.0,1,1,Light
3318,1.0,1,3,Light
3319,1.0,1,1,Light
3321,1.0,1,5,Light
3323,1.0,1,1,Light
3324,1.0,1,6,Light
3326,1.0,1,4,Light
3329,1.0,1,5,Light
3332,1.0,1,5,Light
3333,1.0,1,4,Light
3335,1.0,1,1,Light
3337,1.0,1,2,Light
3338,1.0,1,1,Light
3339,1.0,1,4,Light
3342,1.0,1,6,Light
3345,1.0,1,5,Light
3349,1.0,1,3,Light
3355,1.0,1,3,Light
3356,1.0,1,5,Light
3358,1.0,1,3,Light
3360,1.0,1,3,Light
3362,1.0,1,5,Light
3366,1.0,1,5,Light
3371,1.0,1,6,Light
3372,1.0,1,4,Light
3373,1.0,1,5,Light
3375,1.0,1,6,Light
3376,1.0,1,1,Light
3383,1.0,1,4,Light
3384,1.0,1,3,Light
3396,1.0,1,2,Light
3398,1.0,1,5,Light
3399,1.0,1,2,Light
3402,1.0,1,4,Light
3409,1.0,1,3,Light
3410,1.0,1,5,Light
3412,1.0,1,4,Light
3413,1.5,2,2,Moderate
3414,1.2,2,5,Moderate
3416,1.0,1,3,Light
3421,1.0,1,1,Light
3426,1.0,1,4,Light
3431,1.0,1,5,Light
3432,1.0,1,1,Light
3437,1.0,1,3,Light
3438,1.0,1,2,Light
3439,1.0,1,6,Light
3442,1.0,1,3,Light
3444,1.0,1,4,Light
3450,1.0,1,2,Light
3451,1.0,1,5,Light
3453,1.0,1,2,Light
3454,1.0,1,1,Light
3455,1.0,1,1,Light
3456,1.0,1,3,Light
3458,1.0,1,4,Light
3460,1.0,1,3,Light
3461,1.0,1,4,Light
3462,1.0,1,3,Light
3466,1.0,1,4,Light
3467,1.0,1,1,Light
3468,1.0,1,1,Light
3470,1.0,1,5,Light
3471,1.0,1,3,Light
3473,1.0,1,2,Light
3475,1.0,1,1,Light
3476,1.0,1,3,Light
3480,1.0,1,2,Light
3483,1.0,1,4,Light
3486,1.0,1,4,Light
3489,1.0,1,3,Light
3492,1.0,1,5,Light
3494,1.0,1,2,Light
3495,1.0,1,4,Light
3496,1.0,1,2,Light
3497,1.0,1,1,Light
3502,1.0,1,4,Light
3505,1.0,1,4,Light
3506,1.0,1,4,Light
3508,1.0,1,4,Light
3510,1.0,1,4,Light
3512,1.0,1,2,Light
3513,1.0,1,1,Light
3514,1.0,1,5,Light
3515,1.0,1,1,Light
3516,1.0,1,4,Light
3517,1.0,1,5,Light
3526,1.0,1,5,Light
3527,1.0,1,5,Light
3528,1.0,1,4,Light
3529,1.0,1,2,Light
3531,1.0,1,1,Light
3533,1.0,1,2,Light
3534,1.0,1,4,Light
3535,1.0,1,4,Light
3536,1.0,1,1,Light
3539,1.0,1,4,Light
3542,1.0,1,3,Light
3543,1.0,1,3,Light
3549,1.0,1,5,Light
3551,1.0,1,3,Light
3558,1.0,1,1,Light
3559,1.0,1,1,Light
3565,1.0,1,6,Light
3567,1.0,1,5,Light
3568,1.0,1,3,Light
3569,1.0,1,5,Light
3573,1.0,1,4,Light
3574,1.0,1,1,Light
3575,1.0,1,4,Light
3576,1.0,1,5,Light
3578,1.0,1,1,Light
3579,1.0,1,4,Light
3582,1.0,1,5,Light
3586,1.0,1,6,Light
3587,1.0,1,3,Light
3590,1.25,2,4,Moderate
3591,1.0,1,2,Light
3593,1.0,1,6,Light
3596,1.0,1,4,Light
3597,1.0,1,2,Light
3598,1.0,1,4,Light
3601,1.0,1,1,Light
3602,1.0,1,1,Light
3603,1.0,1,1,Light
3604,1.0,1,3,Light
3606,1.0,1,5,Light
3611,1.0,1,1,Light
3614,1.0,1,3,Light
3615,1.0,1,1,Light
3617,1.0,1,3,Light
3618,1.0,1,6,Light
3622,1.0,1,5,Light
3624,1.0,1,2,Light
3625,1.0,1,2,Light
3627,1.0,1,1,Light
3630,1.0,1,3,Light
3631,1.0,1,4,Light
3632,1.0,1,1,Light
3635,1.0,1,3,Light
3636,1.0,1,5,Light
3637,1.0,1,2,Light
3638,1.0,1,4,Light
3641,1.0,1,5,Light
3642,1.0,1,6,Light
3645,1.0,1,2,Light
3647,1.0,1,3,Light
3649,1.0,1,2,Light
3650,1.0,1,2,Light
3654,1.0,1,6,Light
3659,1.0,1,4,Light
3660,1.0,1,2,Light
3661,1.0,1,2,Light
3662,1.0,1,2,Light
3663,1.0,1,1,Light
3665,1.0,1,4,Light
3670,1.0,1,3,Light
3675,1.0,1,4,Light
3676,1.0,1,3,Light
3677,1.0,1,2,Light
3680,1.0,1,4,Light
3681,1.0,1,4,Light
3687,1.0,1,4,Light
3688,1.0,1,4,Light
3692,1.0,1,2,Light
3693,1.0,1,6,Light
3697,1.0,1,6,Light
3698,1.0,1,6,Light
3702,1.0,1,4,Light
3705,1.0,1,3,Light
3708,1.0,1,3,Light
3714,1.0,1,3,Light
3715,1.0,1,3,Light
3716,1.0,1,3,Light
3718,1.0,1,2,Light
3719,1.0,1,6,Light
3721,1.0,1,2,Light
3722,1.0,1,3,Light
3726,1.0,1,2,Light
3727,1.0,1,4,Light
3729,1.0,1,2,Light
3731,1.0,1,1,Light
3736,1.0,1,3,Light
3738,1.0,1,4,Light
3739,1.0,1,3,Light
3741,1.0,1,5,Light
3746,1.0,1,6,Light
3749,1.0,1,2,Light
3751,1.0,1,5,Light
3752,1.0,1,3,Light
3754,1.0,1,4,Light
3756,1.0,1,3,Light
3757,1.0,1,1,Light
3759,1.0,1,1,Light
3763,1.0,1,1,Light
3764,1.0,1,6,Light
3767,1.0,1,3,Light
3771,1.0,1,2,Light
3774,1.0,1,2,Light
3776,1.0,1,4,Light
3777,1.0,1,1,Light
3778,1.0,1,1,Light
3781,1.0,1,3,Light
3782,1.0,1,3,Light
3785,1.0,1,6,Light
3787,1.0,1,3,Light
3788,1.0,1,2,Light
3792,1.0,1,3,Light
3793,1.0,1,3,Light
3794,1.0,1,2,Light
3797,1.0,1,2,Light
3798,1.0,1,3,Light
3802,1.0,1,5,Light
3805,1.0,1,3,Light
3807,1.0,1,3,Light
3808,1.0,1,6,Light
3810,1.0,1,3,Light
3812,1.0,1,2,Light
3813,1.0,1,2,Light
3817,1.0,1,1,Light
3818,1.0,1,5,Light
3819,1.0,1,3,Light
3822,1.0,1,1,Light
3823,1.0,1,3,Light
3825,1.0,1,6,Light
3826,1.0,1,6,Light
3827,1.0,1,5,Light
3832,1.0,1,4,Light
3834,1.0,1,1,Light
3835,1.0,1,3,Light
3837,1.0,1,4,Light
3838,1.0,1,5,Light
3839,1.0,1,4,Light
3844,1.0,1,3,Light
3851,1.0,1,1,Light
3853,1.0,1,4,Light
3854,1.0,1,3,Light
3855,1.0,1,5,Light
3858,1.0,1,4,Light
3859,1.0,1,5,Light
3863,1.0,1,1,Light
3866,1.0,1,5,Light
3867,1.0,1,3,Light
3868,1.0,1,2,Light
3869,1.0,1,5,Light
3875,1.0,1,4,Light
3877,1.0,1,6,Light
3878,1.0,1,6,Light
3879,1.0,1,4,Light
3880,1.0,1,5,Light
3886,1.0,1,2,Light
3887,1.0,1,4,Light
3889,1.0,1,4,Light
3895,1.0,1,5,Light
3899,1.0,1,3,Light
3900,1.0,1,4,Light
3903,1.0,1,4,Light
3906,1.0,1,5,Light
3908,1.0,1,2,Light
3910,1.0,1,2,Light
3913,1.0,1,1,Light
3914,1.0,1,5,Light
3917,1.0,1,5,Light
3919,1.0,1,4,Light
3925,1.0,1,4,Light
3929,1.0,1,2,Light
3930,1.0,1,2,Light
3932,1.0,1,4,Light
3936,1.0,1,3,Light
3938,1.0,1,3,Light
3940,1.0,1,6,Light
3942,1.0,1,5,Light
3944,1.0,1,1,Light
3945,1.0,1,1,Light
3948,1.0,1,1,Light
3951,1.2,2,5,Moderate
3958,1.0,1,4,Light
3959,1.0,1,6,Light
3961,1.0,1,5,Light
3962,1.0,1,4,Light
3963,1.0,1,4,Light
3966,1.0,1,4,Light
3967,1.0,1,4,Light
3969,1.0,1,5,Light
3972,1.0,1,4,Light
3973,1.0,1,2,Light
3976,1.0,1,1,Light
3981,1.0,1,4,Light
3983,1.0,1,3,Light
3985,1.0,1,5,Light
3990,1.0,1,2,Light
3991,1.0,1,5,Light
3993,1.0,1,4,Light
3997,1.0,1,1,Light
3998,1.0,1,4,Light
3999,1.0,1,6,Light
4001,1.0,1,3,Light
4002,1.0,1,6,Light
4003,1.0,1,2,Light
4004,1.0,1,3,Light
4006,1.0,1,1,Light
4007,1.0,1,3,Light
4008,1.0,1,3,Light
4016,1.0,1,4,Light
4017,1.0,1,5,Light
4021,1.0,1,1,Light
4022,1.0,1,3,Light
4027,1.0,1,3,Light
4028,1.0,1,4,Light
4031,1.0,1,6,Light
4032,1.0,1,4,Light
4042,1.0,1,3,Light
4044,1.0,1,4,Light
4047,1.0,1,2,Light
4049,1.0,1,6,Light
4053,1.0,1,2,Light
4055,1.0,1,4,Light
4056,1.0,1,3,Light
4057,1.0,1,5,Light
4058,1.0,1,2,Light
4060,1.0,1,6,Light
4064,1.0,1,5,Light
4065,1.0,1,4,Light
4066,1.0,1,1,Light
4067,1.0,1,3,Light
4070,1.0,1,1,Light
4071,1.0,1,1,Light
4073,1.0,1,1,Light
4074,1.0,1,2,Light
4075,1.0,1,1,Light
4077,1.0,1,3,Light
4078,1.0,1,3,Light
4081,1.0,1,5,Light
4082,1.0,1,1,Light
4085,1.0,1,4,Light
4086,1.0,1,5,Light
4087,1.0,1,2,Light
4088,1.0,1,4,Light
4094,1.0,1,2,Light
4097,1.0,1,4,Light
4099,1.0,1,3,Light
4100,1.0,1,4,Light
4101,1.0,1,5,Light
4102,1.0,1,6,Light
4108,1.0,1,5,Light
4109,1.0,1,2,Light
4112,1.0,1,1,Light
4117,1.0,1,5,Light
4118,1.0,1,5,Light
4121,1.0,1,1,Light
4124,1.0,1,3,Light
4127,1.0,1,3,Light
4130,1.0,1,2,Light
4134,1.0,1,6,Light
4135,1.0,1,1,Light
4142,1.0,1,1,Light
4144,1.0,1,6,Light
4145,1.0,1,6,Light
4151,1.0,1,2,Light
4153,1.0,1,2,Light
4154,1.0,1,5,Light
4156,1.0,1,5,Light
4158,1.0,1,2,Light
4161,1.0,1,1,Light
4164,1.0,1,1,Light
4169,1.0,1,4,Light
4171,1.0,1,1,Light
4174,1.0,1,5,Light
4176,1.0,1,2,Light
4178,1.0,1,5,Light
4179,1.0,1,1,Light
4184,1.0,1,1,Light
4185,1.0,1,2,Light
4186,1.0,1,4,Light
4187,1.0,1,6,Light
4189,1.0,1,1,Light
4190,1.0,1,4,Light
4193,1.0,1,1,Light
4196,1.0,1,6,Light
4201,1.0,1,4,Light
4202,1.0,1,2,Light
4207,1.0,1,5,Light
4209,1.0,1,6,Light
4210,1.0,1,6,Light
4212,1.0,1,4,Light
4214,1.0,1,2,Light
4215,1.0,1,1,Light
4217,1.0,1,4,Light
4219,1.0,1,4,Light
4220,1.0,1,1,Light
4225,1.0,1,2,Light
4228,1.0,1,1,Light
4230,1.0,1,1,Light
4233,1.0,1,2,Light
4239,1.0,1,5,Light
4243,1.0,1,1,Light
4247,1.0,1,5,Light
4250,1.0,1,3,Light
4252,1.0,1,5,Light
4258,1.0,1,1,Light
4259,1.0,1,4,Light
4261,1.0,1,3,Light
4262,1.0,1,1,Light
4264,1.0,1,1,Light
4265,1.0,1,4,Light
4266,1.0,1,1,Light
4268,1.0,1,3,Light
4269,1.0,1,4,Light
4270,1.0,1,3,Light
4271,1.0,1,2,Light
4272,1.0,1,2,Light
4273,1.0,1,1,Light
4274,1.0,1,2,Light
4280,1.0,1,1,Light
4281,1.2,2,5,Moderate
4285,1.0,1,2,Light
4288,1.0,1,4,Light
4290,1.0,1,6,Light
4292,1.0,1,1,Light
4293,1.0,1,2,Light
4297,1.0,1,5,Light
4298,1.0,1,5,Light
4300,1.0,1,4,Light
4301,1.0,1,4,Light
4302,1.0,1,4,Light
4303,1.0,1,5,Light
4304,1.0,1,4,Light
4306,1.0,1,5,Light
4310,1.0,1,3,Light
4311,1.0,1,2,Light
4314,1.0,1,4,Light
4317,1.0,1,4,Light
4324,1.0,1,6,Light
4328,1.0,1,5,Light
4329,1.0,1,2,Light
4331,1.0,1,6,Light
4333,1.0,1,2,Light
4335,1.0,1,2,Light
4337,1.0,1,5,Light
4339,1.0,1,2,Light
4340,1.0,1,6,Light
4342,1.0,1,3,Light
4350,1.0,1,4,Light
4351,1.0,1,2,Light
4355,1.0,1,4,Light
4356,1.0,1,1,Light
4357,1.0,1,1,Light
4358,1.0,1,2,Light
4359,1.0,1,4,Light
4366,1.0,1,4,Light
4368,1.0,1,3,Light
4369,1.0,1,3,Light
4370,1.0,1,6,Light
4374,1.0,1,2,Light
4375,1.0,1,3,Light
4376,1.0,1,3,Light
4379,1.0,1,4,Light
4380,1.0,1,3,Light
4381,1.0,1,4,Light
4384,1.0,1,6,Light
4386,1.0,1,4,Light
4387,1.0,1,3,Light
4390,1.0,1,2,Light
4393,1.0,1,1,Light
4396,1.0,1,1,Light
4404,1.0,1,2,Light
4405,1.0,1,5,Light
4410,1.0,1,2,Light
4412,1.0,1,5,Light
4413,1.0,1,6,Light
4414,1.0,1,5,Light
4417,1.0,1,1,Light
4418,1.0,1,2,Light
4419,1.0,1,2,Light
4421,1.0,1,6,Light
4422,1.0,1,1,Light
4431,1.0,1,2,Light
4437,1.0,1,1,Light
4444,1.0,1,4,Light
4446,1.0,1,4,Light
4449,1.0,1,5,Light
4453,1.0,1,4,Light
4454,1.0,1,6,Light
4456,1.0,1,3,Light
4458,1.0,1,4,Light
4465,1.0,1,3,Light
4466,1.0,1,1,Light
4469,1.0,1,5,Light
4471,1.0,1,1,Light
4476,1.0,1,3,Light
4477,1.0,1,5,Light
4481,1.0,1,6,Light
4485,1.0,1,1,Light
4488,1.0,1,1,Light
4489,1.0,1,6,Light
4491,1.0,1,1,Light
4492,1.0,1,1,Light
4494,1.0,1,2,Light
4497,1.0,1,2,Light
4500,1.0,1,2,Light
4503,1.0,1,5,Light
4505,1.5,2,2,Moderate
4506,1.0,1,6,Light
4507,1.0,1,1,Light
4508,1.0,1,1,Light
4509,1.0,1,3,Light
4513,1.0,1,5,Light
4514,1.0,1,5,Light
4518,1.0,1,6,Light
4519,1.0,1,4,Light
4524,1.0,1,4,Light
4529,1.0,1,3,Light
4532,1.0,1,3,Light
4543,1.0,1,1,Light
4545,1.0,1,6,Light
4551,1.0,1,1,Light
4553,1.0,1,3,Light
4555,1.0,1,2,Light
4556,1.0,1,2,Light
4559,1.0,1,1,Light
4560,1.0,1,4,Light
4563,1.0,1,5,Light
4565,1.0,1,5,Light
4567,1.0,1,4,Light
4572,1.0,1,5,Light
4577,1.0,1,4,Light
4579,1.0,1,4,Light
4580,1.0,1,5,Light
4581,1.0,1,1,Light
4582,1.0,1,3,Light
4587,1.0,1,3,Light
4588,1.0,1,1,Light
4589,1.0,1,5,Light
4591,1.0,1,2,Light
4592,1.0,1,5,Light
4593,1.0,1,2,Light
4596,1.0,1,1,Light
4598,1.0,1,1,Light
4599,1.0,1,1,Light
4604,1.0,1,1,Light
4607,1.0,1,2,Light
4609,1.0,1,5,Light
4615,1.0,1,1,Light
4617,1.0,1,2,Light
4620,1.0,1,3,Light
4625,1.0,1,6,Light
4627,1.0,1,4,Light
4629,1.0,1,6,Light
4630,1.0,1,6,Light
4631,1.0,1,2,Light
4634,1.0,1,4,Light
4642,1.0,1,3,Light
4643,1.0,1,4,Light
4651,1.0,1,1,Light
4653,1.33,2,3,Moderate
4657,1.0,1,2,Light
4659,1.0,1,3,Light
4661,1.0,1,2,Light
4663,1.0,1,5,Light
4666,1.0,1,6,Light
4668,1.33,2,3,Moderate
4673,1.0,1,5,Light
4676,1.0,1,3,Light
4679,1.0,1,6,Light
4680,1.0,1,1,Light
4683,1.0,1,1,Light
4685,1.0,1,2,Light
4686,1.0,1,1,Light
4688,1.0,1,4,Light
4690,1.0,1,4,Light
4693,1.0,1,1,Light
4694,1.0,1,2,Light
4695,1.0,1,6,Light
4696,1.0,1,5,Light
4697,1.0,1,5,Light
4701,1.0,1,4,Light
4706,1.0,1,6,Light
4708,1.0,1,4,Light
4710,1.0,1,5,Light
4711,1.0,1,5,Light
4714,1.0,1,2,Light
4719,1.0,1,3,Light
4721,1.0,1,3,Light
4722,1.0,1,4,Light
4723,1.0,1,5,Light
4726,1.0,1,4,Light
4731,1.0,1,5,Light
4733,1.0,1,3,Light
4736,1.0,1,4,Light
4738,1.0,1,2,Light
4741,1.0,1,2,Light
4750,1.0,1,2,Light
4752,1.0,1,5,Light
4755,1.0,1,5,Light
4756,1.0,1,4,Light
4758,1.0,1,3,Light
4763,1.0,1,3,Light
4764,1.0,1,1,Light
4766,1.0,1,3,Light
4768,1.0,1,1,Light
4774,1.0,1,2,Light
4775,1.0,1,2,Light
4779,1.0,1,2,Light
4780,1.5,2,2,Moderate
4783,1.0,1,3,Light
4785,1.0,1,2,Light
4786,1.0,1,6,Light
4787,1.0,1,4,Light
4788,1.0,1,2,Light
4791,1.0,1,5,Light
4795,1.0,1,1,Light
4796,1.0,1,2,Light
4798,1.0,1,5,Light
4799,1.0,1,3,Light
4800,1.0,1,1,Light
4801,1.0,1,1,Light
4805,1.0,1,5,Light
4806,1.0,1,4,Light
4811,1.0,1,1,Light
4813,1.0,1,4,Light
4814,1.0,1,1,Light
4815,1.0,1,2,Light
4816,1.0,1,5,Light
4823,1.0,1,3,Light
4827,1.0,1,3,Light
4829,1.0,1,1,Light
4830,1.0,1,3,Light
4831,1.0,1,1,Light
4833,1.0,1,4,Light
4834,1.0,1,1,Light
4835,1.2,2,5,Moderate
4841,1.0,1,4,Light
4844,1.0,1,5,Light
4848,1.0,1,4,Light
4849,1.0,1,1,Light
4854,1.0,1,4,Light
4855,1.0,1,5,Light
4856,1.0,1,5,Light
4857,1.0,1,1,Light
4858,1.0,1,2,Light
4860,1.0,1,4,Light
4863,1.0,1,6,Light
4864,1.0,1,5,Light
4866,1.0,1,3,Light
4872,1.0,1,2,Light
4878,1.0,1,3,Light
4880,1.0,1,6,Light
4881,1.0,1,6,Light
4887,1.0,1,2,Light
4888,1.0,1,2,Light
4891,1.0,1,2,Light
4892,1.0,1,3,Light
4896,1.0,1,1,Light
4899,1.0,1,5,Light
4900,1.0,1,5,Light
4901,1.0,1,1,Light
4906,1.0,1,4,Light
4908,1.0,1,1,Light
4911,1.0,1,3,Light
4916,1.0,1,2,Light
4919,1.0,1,1,Light
4921,1.0,1,6,Light
4922,1.0,1,5,Light
4923,1.0,1,4,Light
4924,1.0,1,5,Light
4925,1.0,1,5,Light
4928,1.0,1,1,Light
4929,1.0,1,5,Light
4937,1.0,1,5,Light
4941,1.0,1,5,Light
4947,1.0,1,1,Light
4948,1.0,1,2,Light
4954,1.0,1,2,Light
4957,1.0,1,6,Light
4958,1.0,1,5,Light
4959,1.0,1,4,Light
4962,1.0,1,2,Light
4967,1.0,1,2,Light
4968,1.0,1,2,Light
4975,1.0,1,4,Light
4976,1.0,1,1,Light
4977,1.0,1,3,Light
4978,1.0,1,4,Light
4979,1.0,1,1,Light
4980,1.0,1,4,Light
4982,1.0,1,4,Light
4983,1.0,1,1,Light
4984,1.0,1,6,Light
4990,1.0,1,6,Light
4992,1.0,1,4,Light
4997,1.0,1,4,Light
4998,1.0,1,5,Light
